factor,Annual Return,Avg_abs_position,Calmar Ratio,MAX_Drawdown,Profit/Loss Ratio,Sharpe Ratio,Turnover_per_bar,Win Rate
ta_lr_intercept_20(ts_range_20(ts_wma_55(ts_wma_8(o_ta_lr_slope_10)))),0.688145354420733,0.400030542511358,0.1502150967380746,-4.58106654633143,1.1047734525072015,1.5968383124462582,0.03668919176879319,0.20287863169549117
