factor,horizon,IC,RankIC
ta_lr_intercept_20(ts_range_20(ts_wma_55(ts_wma_8(o_ta_lr_slope_10)))),2,0.009518056881602004,0.008502213250711927
ta_lr_intercept_20(ts_range_20(ts_wma_55(ts_wma_8(o_ta_lr_slope_10)))),4,0.01329219920652012,0.01328968037653397
ta_lr_intercept_20(ts_range_20(ts_wma_55(ts_wma_8(o_ta_lr_slope_10)))),6,0.015838365701267152,0.017875354748833627
ta_lr_intercept_20(ts_range_20(ts_wma_55(ts_wma_8(o_ta_lr_slope_10)))),8,0.017581107689841044,0.023132366743985684
ta_lr_intercept_20(ts_range_20(ts_wma_55(ts_wma_8(o_ta_lr_slope_10)))),10,0.018846688456565133,0.02634713062001728
ta_lr_intercept_20(ts_range_20(ts_wma_55(ts_wma_8(o_ta_lr_slope_10)))),12,0.019749004551172896,0.02878469463590634
