factor,IC,RankIC,|IC|
ta_lr_intercept_20(ts_range_20(ts_wma_55(ts_wma_8(o_ta_lr_slope_10)))),0.014951417073217668,0.021633302245883616,0.014951417073217668
