factor,IC,RankIC,|IC|
ta_lr_intercept_20(ts_range_20(ts_wma_55(ts_wma_8(o_ta_lr_slope_10)))),0.0170678883111076,0.024215462438066878,0.0170678883111076
